{
    "answers": {
        "phase": "architecture",
        "action": "architectural decision",
        "scope": "api",
        "action experience": "fair",
        "prog lang": "n/a",
        "other prog lang": "<fill in>",
        "tool": "bard",
        "other tool": "<fill in>",
        "tool option": "free",
        "tool experience": "enough",
        "time allocated (h)": "0.25",
        "time saved estimate (h)": "1", 
        "quality of ai help": "ready-to-use",
        "generic feeling": "great in the future",
        "notes": "<fill in>"
    }
}
