{
    "answers": {
        "phase":  "coding", 
        "action": "source code authoring", 
        "scope": "frontend", 
        "action experience": "big", 
        "prog lang": "other",
        "other prog lang": "css",
        "tool": "chat gpt 3.x", 
        "other tool": "<fill in>",
        "tool option": "free",
        "tool experience": "enough", 
        "time allocated (h)": "0.1",
        "time saved estimate (h)": "1", 
        "quality of ai help":  "minor modifications needed", 
        "generic feeling": "great in the future", 
        "notes": "<fill in>"
    }
}
