{
    "answers": {
        "phase": ["design"],
        "action": ["problem understanding", "use case specification","design decision"],
        "scope": ["uml other"],
        "action experience": ["little"],
        "prog lang": ["n/a"],
        "other prog lang": "<fill in>",
        "tool": ["chat gpt 3.x"],
        "other tool": "<fill in>",
        "tool option": ["free"],
        "tool experience": ["enough"],
        "time allocated (h)": "1h",
        "time saved estimate (h)": "0.5h", 
        "quality of ai help": ["minor modifications needed"],
        "generic feeling": ["great as-is"],
        "notes": "understanding how the state machine diagram should be used in a specific use case"
    }
}