{
    "answers": {
        "phase": "architecture",
        "action": "problem understanding",
        "scope": "api",
        "action experience": "little",
        "prog lang": "js-node",
        "other prog lang": "<fill in>",
        "tool": "bard",
        "other tool": "<fill in>",
        "tool option": "free",
        "tool experience": "enough",
        "time allocated (h)": "0.5",
        "time saved estimate (h)": "2", 
        "quality of ai help": "major modifications needed",
        "generic feeling":  "needs work",
        "notes": "I will modify the code a lot before I use it, but I fully understand how the api should be structured, concerning some middlewares"
    }
}
