{
    "answers": {
        "phase": "coding",
        "action": "problem understanding",
        "scope": "api",
        "action experience": "little",
        "prog lang": "js",
        "other prog lang": "<fill in>",
        "tool": "bard",
        "other tool": "<fill in>",
        "tool option": "free",
        "tool experience": "enough",
        "time allocated (h)": "1",
        "time saved estimate (h)": "3", 
        "quality of ai help": "unusable",
        "generic feeling": "great in the future",
        "notes": "I fully understand the concept of tokens but i didn't ask for any code"
    }
}


