{
    "answers": {
        "phase": ["design"],
        "action": ["problem understanding", "design decision"],
        "scope": ["uml activity", "uml sequence"],
        "action experience": [ "little"],
        "prog lang": ["n/a"],
        "other prog lang": "<fill in>",
        "tool": ["chat gpt 3.x"],
        "other tool": "<fill in>",
        "tool option": ["free"],
        "tool experience": ["enough"],
        "time allocated (h)": "0.5h",
        "time saved estimate (h)": "1h", 
        "quality of ai help": ["major modifications needed"],
        "generic feeling": ["needs work"],
        "notes": "understanding differences between key behavioral uml diagrams (activity, sequence) which we are going to use on the project "
    }
}