{
    "answers": {
        "phase": ["requirements gathering"],
        "action": ["problem understanding", "requirements (non-functional)"],
        "scope": ["database design", "frontend", "data management", "backend","code management actions"],
        "action experience": ["little"],
        "prog lang": [""],
        "other prog lang": "<fill in>",
        "tool": ["chat gpt 3.x"],
        "other tool": "<fill in>",
        "tool option": ["free"],
        "tool experience": ["enough"],
        "time allocated (h)": "0.4h",
        "time saved estimate (h)": "0.7h", 
        "quality of ai help": ["major modifications needed"],
        "generic feeling": ["needs work"],
        "notes": "Understanding non functional requirements and how could we implement them on our project"
    }
}