{
    "answers": {
        "phase": "coding",
        "action": "problem understanding",
        "scope": "documentation (text)",
        "action experience": "big",
        "prog lang": "js-node",
        "other prog lang": "<fill in>",
        "tool": "chat gpt 3.x",
        "other tool": "<fill in>",
        "tool option": "free",
        "tool experience": "some",
        "time allocated (h)": "0.5",
        "time saved estimate (h)": "3",
        "quality of ai help": "ready-to-use",
        "generic feeling": "great as-is",
        "notes": ""
    }
}

