{
    "answers": {
        "phase": "coding",
        "action": "code management",
        "scope": "code management actions",
        "action experience": "big", 
        "prog lang": "n/a",
        "other prog lang": "<fill in>",
        "tool": "chat gpt 3.x",
        "other tool": "<fill in>",
        "tool option": "free",
        "tool experience": "enough",
        "time allocated (h)": "0.2",
        "time saved estimate (h)": "1", 
        "quality of ai help": "minor modifications needed",
        "generic feeling": "needs work",
        "notes": "Incorporate next js in our project"
    }
}