{
    "answers": {
        "phase": "coding",
        "action": "problem understanding",
        "scope": "api",
        "action experience": "none",
        "prog lang": "js",
        "other prog lang": "<fill in>",
        "tool": "bard",
        "other tool": "<fill in>",
        "tool option": "free",
        "tool experience": "enough",
        "time allocated (h)": "1",
        "time saved estimate (h)": "4", 
        "quality of ai help": "minor modifications needed",
        "generic feeling": "great as-is",
        "notes": "<fill in>"
    }
}
