{
    "answers": {
        "phase": "coding",
        "action": "code management",
        "scope": "code management actions",
        "action experience": "little",
        "prog lang": "other",
        "other prog lang": "<shell commands>",
        "tool": "chat gpt 3.x",
        "other tool": "<fill in>",
        "tool option": "free",
        "tool experience": "enough",
        "time allocated (h)": "0.2",
        "time saved estimate (h)": "1", 
        "quality of ai help": "major modifications needed",
        "generic feeling": "needs work",
        "notes": "<fill in>"
    }
}
